{
  "loss": 0.013382318429648876,
  "auc": 0.9960967898368835,
  "precision": 0.9190751314163208,
  "recall": 0.868852436542511,
  "val_loss": 0.00982142984867096,
  "val_auc": 0.9990100860595703,
  "val_precision": 0.8620689511299133,
  "val_recall": 0.8333333134651184,
  "epoch": 28,
  "global_step": 14500
}