{
  "loss": 0.012356831692159176,
  "auc": 0.9963160157203674,
  "precision": 0.931034505367279,
  "recall": 0.8852459192276001,
  "val_loss": 0.008541247807443142,
  "val_auc": 0.9992555379867554,
  "val_precision": 0.8928571343421936,
  "val_recall": 0.8333333134651184,
  "epoch": 29,
  "global_step": 15000
}